,Head,HeadGeneName,Tail,TailGeneName,Shared_Connections,Shortest_Path,Head_len,Tail_len
2,Q8VCY6,Utp6,Q9CQ71,Rpa3,0,7,597,121
3,Q8BWR8,Rhpn2,Q9CQ71,Rpa3,0,7,686,121
9,P35601,Rfc1,Q9CQ71,Rpa3,0,7,1131,121
25,Q80U38,Khnyn,Q9CQ71,Rpa3,0,7,671,121
26,P50396,Gdi1,Q9CRC8,Lrrc40,0,7,447,602
28,Q61083,Map3k2,Q9CQ71,Rpa3,0,7,619,121
32,P50396,Gdi1,Q62422,Ostf1,0,7,447,215
37,Q920B9,Supt16h,Q9CQ71,Rpa3,0,7,1047,121
38,Q8R3C6,Rbm19,Q9CQ71,Rpa3,0,7,952,121
40,Q922U1,Prpf3,Q9CQ71,Rpa3,0,7,683,121
45,Q2KN98,Specc1l,Q9CQ71,Rpa3,0,7,1118,121
50,Q8BGT7,Smndc1,Q9CQ71,Rpa3,0,7,238,121
51,Q80X41,Vrk1,Q9CQ71,Rpa3,0,7,440,121
52,Q3TWW8,Srsf6,Q9CQ71,Rpa3,0,7,339,121
53,Q0VEE6,Znf800,Q9CQ71,Rpa3,0,7,662,121
61,Q8VDS8,Stx18,Q9CQ71,Rpa3,0,7,334,121
65,O35704,Sptlc1,Q9CQ71,Rpa3,0,7,473,121
66,O35704,Sptlc1,Q03157,Aplp1,0,7,473,654
68,P50396,Gdi1,Q9CQ71,Rpa3,0,7,447,121
69,P50396,Gdi1,Q03157,Aplp1,0,7,447,654
70,P50396,Gdi1,Q9EPQ1,Tlr1,0,7,447,795
71,Q9CQ71,Rpa3,Q9Z2W1,Stk25,0,7,121,426
73,O35643,Ap1b1,Q8VE47,Uba5,0,7,943,403
74,Q9CQ71,Rpa3,Q9DB85,Rrp8,0,7,121,457
75,Q9CQ71,Rpa3,Q9JJ80,Rpf2,0,7,121,306
78,Q9CQ71,Rpa3,Q9R0E1,Plod3,0,7,121,741
82,Q9CQ71,Rpa3,Q9CXL3,Chlsn,0,7,121,195
83,Q80Y56,Rbsn,Q8K2Q9,Shtn1,0,7,783,631
84,Q80Y56,Rbsn,Q8VE47,Uba5,0,7,783,403
87,Q03157,Aplp1,Q3V0K9,Pls1,0,7,654,630
88,Q03157,Aplp1,Q8BYY4,Ttc39b,0,7,654,617
89,Q03157,Aplp1,Q8K1E0,Stx5,0,7,654,355
93,Q03157,Aplp1,Q0VEE6,Znf800,0,7,654,662
94,Q03157,Aplp1,Q8VDS8,Stx18,0,7,654,334
96,P55258,Rab8a,Q8VE47,Uba5,0,7,207,403
97,P55258,Rab8a,Q8K2Q9,Shtn1,0,7,207,631
103,P50396,Gdi1,Q8K2Q9,Shtn1,0,7,447,631
104,P50396,Gdi1,Q8VE47,Uba5,0,7,447,403
110,Q80Y56,Rbsn,Q9CRC8,Lrrc40,0,7,783,602
112,Q80Y56,Rbsn,Q9CQ71,Rpa3,0,7,783,121
118,Q8R5A3,Apbb1ip,Q9CQ71,Rpa3,0,7,670,121
119,O35381,Anp32a,Q8K1E0,Stx5,0,7,247,355
121,O35381,Anp32a,Q2KN98,Specc1l,0,7,247,1118
123,O35381,Anp32a,Q0VEE6,Znf800,0,7,247,662
124,O35381,Anp32a,Q8VDS8,Stx18,0,7,247,334
125,O35381,Anp32a,O35704,Sptlc1,0,7,247,473
134,Q8BKC8,Pi4kb,Q8VE47,Uba5,0,7,816,403
135,Q8BKC8,Pi4kb,Q8K2Q9,Shtn1,0,7,816,631
140,O35381,Anp32a,Q58NB6,Dhrs9,0,7,247,319
141,O35381,Anp32a,Q9D2Y9,Elovl7,0,7,247,281
142,O35381,Anp32a,O70503,Hsd17b12,0,7,247,312
144,O35381,Anp32a,Q9JLJ5,Elovl1,0,7,247,279
149,O35381,Anp32a,Q8BXQ2,Pigt,0,7,247,582
152,O35381,Anp32a,P59114,Pcif1,0,7,247,706
156,O35381,Anp32a,Q8BKC8,Pi4kb,0,7,247,816
157,O35381,Anp32a,P50396,Gdi1,0,7,247,447
158,O35381,Anp32a,Q80Y56,Rbsn,0,7,247,783
159,O35381,Anp32a,O35643,Ap1b1,0,7,247,943
160,O35381,Anp32a,P55258,Rab8a,0,7,247,207
162,O35381,Anp32a,Q3TLI0,Trappc10,0,7,247,1258
177,Q921E6,Eed,Q9CQ71,Rpa3,0,7,441,121
183,O35130,Emg1,Q9CQ71,Rpa3,0,7,244,121
186,Q8R3B7,Brd8,Q9CQ71,Rpa3,0,7,951,121
203,Q8BKC8,Pi4kb,Q9CRC8,Lrrc40,0,7,816,602
205,Q8BKC8,Pi4kb,Q9CQ71,Rpa3,0,7,816,121
231,Q922V4,Plrg1,Q9CQ71,Rpa3,0,7,513,121
232,Q8VDG3,Parn,Q9CQ71,Rpa3,0,7,624,121
233,Q3TL26,Tfb2m,Q9CQ71,Rpa3,0,7,396,121
234,Q8VDF2,Uhrf1,Q9CQ71,Rpa3,0,7,782,121
236,Q8C5L7,Rbm34,Q9CQ71,Rpa3,0,7,442,121
237,Q8K1E0,Stx5,Q9CQ71,Rpa3,0,7,355,121
241,Q4FK66,Prpf38a,Q9CQ71,Rpa3,0,7,312,121
242,Q3U4G3,Xxylt1,Q9CQ71,Rpa3,0,7,392,121
254,Q2KN98,Specc1l,Q8VE47,Uba5,0,7,1118,403
259,Q2KN98,Specc1l,Q62422,Ostf1,0,7,1118,215
269,Q6P9R1,Ddx51,Q9CQ71,Rpa3,0,7,639,121
279,A2BE28,Las1l,Q9CQ71,Rpa3,0,7,776,121
283,Q8BWW4,Larp4,Q9CQ71,Rpa3,0,7,719,121
294,Q61164,Ctcf,Q9CQ71,Rpa3,0,7,736,121
311,Q58NB6,Dhrs9,Q9CQ71,Rpa3,0,7,319,121
315,Q3TZX8,Nol9,Q9CQ71,Rpa3,0,7,714,121
316,P55258,Rab8a,Q9EPQ1,Tlr1,0,7,207,795
317,P55258,Rab8a,Q03157,Aplp1,0,7,207,654
318,P55258,Rab8a,Q9CQ71,Rpa3,0,7,207,121
319,P55258,Rab8a,Q62422,Ostf1,0,7,207,215
323,P55258,Rab8a,Q9CRC8,Lrrc40,0,7,207,602
327,P53569,Cebpz,Q9CQ71,Rpa3,0,7,1052,121
337,Q5DW34,Ehmt1,Q9CQ71,Rpa3,0,7,1296,121
338,Q8VDQ9,Kri1,Q9CQ71,Rpa3,0,7,704,121
340,P17433,Spi1,Q03157,Aplp1,0,7,272,654
374,Q3TLI0,Trappc10,Q62422,Ostf1,0,7,1258,215
375,Q3TLI0,Trappc10,Q9CQ71,Rpa3,0,7,1258,121
419,Q9CQ71,Rpa3,Q9ESV0,Ddx24,0,7,121,857
420,Q9CQ71,Rpa3,Q9DBY0,Foxp4,0,7,121,795
422,Q9CQ71,Rpa3,Q9QWF0,Chaf1a,0,7,121,911
423,Q9CQ71,Rpa3,Q9Z103,Adnp,0,7,121,1108
432,Q9CQ71,Rpa3,Q9JLJ5,Elovl1,0,7,121,279
433,Q9CQ71,Rpa3,Q9Z1T1,Ap3b1,0,7,121,1105
435,Q9CQ71,Rpa3,Q9D2Y9,Elovl7,0,7,121,281
436,Q9CQ71,Rpa3,Q9Z148,Ehmt2,0,7,121,1263
437,Q9CQ71,Rpa3,Q9WV70,Noc2l,0,7,121,747
438,Q9CQ71,Rpa3,Q9CWX9,Ddx47,0,7,121,455
439,Q9CQ71,Rpa3,Q9CXK8,Nip7,0,7,121,180
440,O54784,Dapk3,Q9CQ71,Rpa3,0,7,448,121
442,Q8R344,Ccdc12,Q9CQ71,Rpa3,0,7,166,121
443,Q3TYA6,Mphosph8,Q9CQ71,Rpa3,0,7,858,121
448,P56959,Fus,Q9CQ71,Rpa3,0,7,518,121
489,Q03157,Aplp1,Q58NB6,Dhrs9,0,7,654,319
491,Q03157,Aplp1,Q8BXQ2,Pigt,0,7,654,582
500,P59114,Pcif1,Q03157,Aplp1,0,7,706,654
501,P59114,Pcif1,Q9CQ71,Rpa3,0,7,706,121
502,Q03157,Aplp1,Q9JLJ5,Elovl1,0,7,654,279
504,Q03157,Aplp1,Q9D2Y9,Elovl7,0,7,654,281
506,Q03157,Aplp1,Q8BKC8,Pi4kb,0,7,654,816
507,Q03157,Aplp1,Q80Y56,Rbsn,0,7,654,783
514,Q8BXQ2,Pigt,Q9CQ71,Rpa3,0,7,582,121
525,Q62422,Ostf1,Q8BKC8,Pi4kb,0,7,215,816
526,Q62422,Ostf1,Q80Y56,Rbsn,0,7,215,783
528,O70503,Hsd17b12,Q9CQ71,Rpa3,0,7,312,121
529,O70503,Hsd17b12,Q03157,Aplp1,0,7,312,654
541,Q61503,Nt5e,Q9CQ71,Rpa3,0,7,576,121
546,O35643,Ap1b1,Q9CQ71,Rpa3,0,7,943,121
549,O35643,Ap1b1,Q62422,Ostf1,0,7,943,215
555,Q99PP9,Trim16,Q9D2Y9,Elovl7,0,6,556,281
560,P61358,Rpl27,Q03157,Aplp1,0,6,136,654
562,P61358,Rpl27,Q8BKC8,Pi4kb,0,6,136,816
563,P61358,Rpl27,Q80Y56,Rbsn,0,6,136,783
564,P61358,Rpl27,Q9CQ71,Rpa3,0,6,136,121
565,P61358,Rpl27,Q9JM05,Pias4,0,6,136,507
568,P61358,Rpl27,Q3TLI0,Trappc10,0,6,136,1258
574,P49615,Cdk5,Q03157,Aplp1,0,6,292,654
575,P49615,Cdk5,Q99NB8,Ubqln4,0,6,292,596
576,P49615,Cdk5,Q9DB07,Ift46,0,6,292,301
577,P49615,Cdk5,P80318,Cct3,0,6,292,545
578,P49615,Cdk5,Q76MZ3,Ppp2r1a,0,6,292,589
583,Q3V0K9,Pls1,Q80Y56,Rbsn,0,6,630,783
584,Q3V0K9,Pls1,Q9CQ71,Rpa3,0,6,630,121
585,Q3V0K9,Pls1,Q9WTL2,Rab25,0,6,630,213
589,A2A6Q5,Cdc27,Q9CQ71,Rpa3,0,6,825,121
591,A2A6Q5,Cdc27,P50396,Gdi1,0,6,825,447
595,Q9D6I7,Dipk1a,Q9DB07,Ift46,0,6,428,301
603,A2A6Q5,Cdc27,Q03157,Aplp1,0,6,825,654
605,A2A6Q5,Cdc27,P55258,Rab8a,0,6,825,207
607,A2A6Q5,Cdc27,Q9JM05,Pias4,0,6,825,507
612,Q78PY7,Snd1,Q9CQ71,Rpa3,0,6,910,121
613,Q61881,Mcm7,Q8BKC8,Pi4kb,0,6,719,816
614,Q61881,Mcm7,Q80Y56,Rbsn,0,6,719,783
615,Q61881,Mcm7,Q9CQ71,Rpa3,0,6,719,121
616,Q61881,Mcm7,Q9JM05,Pias4,0,6,719,507
629,P49615,Cdk5,Q9CQ71,Rpa3,0,6,292,121
635,Q2KN98,Specc1l,Q9CQ40,Mrpl49,0,6,1118,166
641,Q2KN98,Specc1l,Q9DB07,Ift46,0,6,1118,301
658,Q2KN98,Specc1l,Q9Z0H7,Bcl10,0,6,1118,233
662,Q2KN98,Specc1l,Q78IS1,Tmed3,0,6,1118,221
665,Q2KN98,Specc1l,Q8BJQ4,Ticam2,0,6,1118,232
667,Q2KN98,Specc1l,Q9D7G9,Mapk1ip1,0,6,1118,263
670,Q3V0K9,Pls1,Q9D2Y9,Elovl7,0,6,630,281
671,Q3V0K9,Pls1,Q8BH64,Ehd2,0,6,630,543
672,Q3V0K9,Pls1,Q8BKC8,Pi4kb,0,6,630,816
685,Q08943,Ssrp1,Q9CQ71,Rpa3,0,6,708,121
691,Q2KN98,Specc1l,Q9EPB4,Pycard,0,6,1118,193
692,Q2KN98,Specc1l,Q61160,Fadd,0,6,1118,205
693,Q2KN98,Specc1l,Q9QY24,Zbp1,0,6,1118,411
695,P47226,Tes,Q9CQ71,Rpa3,0,6,423,121
698,P47226,Tes,Q99NB8,Ubqln4,0,6,423,596
699,P47226,Tes,Q76MZ3,Ppp2r1a,0,6,423,589
700,P47226,Tes,Q03157,Aplp1,0,6,423,654
701,P47226,Tes,Q9DB07,Ift46,0,6,423,301
702,P47226,Tes,P80318,Cct3,0,6,423,545
705,O88441,Mtx2,P80318,Cct3,0,6,263,545
718,Q9ES56,Trappc4,Q9WUB0,Rbck1,0,6,219,508
719,Q9ES56,Trappc4,Q9WUL6,Map3k14,0,6,219,942
720,Q9ES56,Trappc4,Q9Z0H7,Bcl10,0,6,219,233
722,Q9ES56,Trappc4,Q9R0T8,Ikbke,0,6,219,717
743,Q9ES56,Trappc4,Q9JM05,Pias4,0,6,219,507
746,O88441,Mtx2,Q9DB07,Ift46,0,6,263,301
763,O88441,Mtx2,Q03157,Aplp1,0,6,263,654
764,Q91YP0,L2hgdh,Q9CQ71,Rpa3,0,6,464,121
765,O88441,Mtx2,Q76MZ3,Ppp2r1a,0,6,263,589
766,Q91YP0,L2hgdh,Q99NB8,Ubqln4,0,6,464,596
767,Q91YP0,L2hgdh,Q9DB07,Ift46,0,6,464,301
769,Q9CU24,Themis3,Q9DB07,Ift46,0,6,569,301
775,O88441,Mtx2,Q9CQ71,Rpa3,0,6,263,121
777,O88441,Mtx2,P29595,Nedd8,0,6,263,81
780,O88441,Mtx2,Q99NB8,Ubqln4,0,6,263,596
783,Q9CQT1,Mri1,Q9D2Y9,Elovl7,0,6,369,281
785,O08759,Ube3a,O70503,Hsd17b12,0,6,870,312
786,O08759,Ube3a,Q9D2Y9,Elovl7,0,6,870,281
789,O08759,Ube3a,P50396,Gdi1,0,6,870,447
792,O08759,Ube3a,P55258,Rab8a,0,6,870,207
802,Q9CQQ7,Atp5pb,Q9DB07,Ift46,0,6,256,301
805,Q8BYY4,Ttc39b,Q9D2Y9,Elovl7,0,6,617,281
807,Q8BYY4,Ttc39b,Q9CQ71,Rpa3,0,6,617,121
808,Q8BYY4,Ttc39b,Q9WTL2,Rab25,0,6,617,213
812,Q9D816,Cyp2c55,Q9DB07,Ift46,0,6,490,301
821,P15975,Usp53,Q9CQ71,Rpa3,0,6,1069,121
841,P52019,Sqle,Q03157,Aplp1,0,6,572,654
847,Q9D0L8,Rnmt,Q9D2Y9,Elovl7,0,6,465,281
849,Q9CRB6,Tppp3,Q9DB07,Ift46,0,6,176,301
851,Q8VE47,Uba5,Q9D2Y9,Elovl7,0,6,403,281
852,Q8VE47,Uba5,Q9CQ71,Rpa3,0,6,403,121
854,Q8VE47,Uba5,Q9D620,Rab11fip1,0,6,403,645
855,Q8VE47,Uba5,Q9D1G1,Rab1b,0,6,403,201
856,Q8VE47,Uba5,Q91V41,Rab14,0,6,403,215
860,Q2KN98,Specc1l,Q60778,Nfkbib,0,6,1118,359
892,Q8BMA3,Cnksr3,Q9CQ71,Rpa3,0,6,555,121
893,Q8BMA3,Cnksr3,Q9JM05,Pias4,0,6,555,507
901,Q3U4G3,Xxylt1,Q9CPU0,Glo1,0,6,392,184
902,P09103,P4hb,Q9D2Y9,Elovl7,0,6,509,281
904,O88665,Brd7,Q9CQ71,Rpa3,0,6,651,121
905,O88665,Brd7,P29595,Nedd8,0,6,651,81
908,O88665,Brd7,Q99NB8,Ubqln4,0,6,651,596
909,O88665,Brd7,Q76MZ3,Ppp2r1a,0,6,651,589
910,O88665,Brd7,Q03157,Aplp1,0,6,651,654
911,O88665,Brd7,Q9DB07,Ift46,0,6,651,301
912,O88665,Brd7,P80318,Cct3,0,6,651,545
969,Q9DCJ5,Ndufa8,Q9JM05,Pias4,0,6,172,507
977,P16332,Mmut,P55258,Rab8a,0,6,748,207
979,Q8BG60,Txnip,Q8BH64,Ehd2,0,6,397,543
980,Q8BG60,Txnip,Q8BKC8,Pi4kb,0,6,397,816
981,Q8BG60,Txnip,Q9CQ71,Rpa3,0,6,397,121
982,Q8BG60,Txnip,Q9WTL2,Rab25,0,6,397,213
994,P16332,Mmut,Q9JM05,Pias4,0,6,748,507
996,P16332,Mmut,Q03157,Aplp1,0,6,748,654
1009,P16332,Mmut,P50396,Gdi1,0,6,748,447
1010,P16332,Mmut,Q80Y56,Rbsn,0,6,748,783
1011,P16332,Mmut,Q9CQ71,Rpa3,0,6,748,121
1012,Q8BH55,Thnsl1,Q8BH64,Ehd2,0,6,747,543
1013,Q8BH55,Thnsl1,Q9CQ71,Rpa3,0,6,747,121
1016,Q6DID7,Wls,Q9JM05,Pias4,0,6,541,507
1020,O70400,Pdlim1,P17433,Spi1,0,6,327,272
1023,P56379,Atp5mpl,Q9CQ71,Rpa3,0,6,58,121
1027,P56379,Atp5mpl,Q99NB8,Ubqln4,0,6,58,596
1028,P56379,Atp5mpl,Q76MZ3,Ppp2r1a,0,6,58,589
1029,P56379,Atp5mpl,Q03157,Aplp1,0,6,58,654
1030,P56379,Atp5mpl,Q9DB07,Ift46,0,6,58,301
1031,P56379,Atp5mpl,P80318,Cct3,0,6,58,545
1032,Q6DID7,Wls,Q9CQ71,Rpa3,0,6,541,121
1033,Q6DID7,Wls,Q80Y56,Rbsn,0,6,541,783
1034,Q6DID7,Wls,Q8BKC8,Pi4kb,0,6,541,816
1039,P46467,Vps4b,Q9D2Y9,Elovl7,0,6,444,281
1040,P46467,Vps4b,Q8BH64,Ehd2,0,6,444,543
1042,P46467,Vps4b,Q8BKC8,Pi4kb,0,6,444,816
1043,P46467,Vps4b,P50396,Gdi1,0,6,444,447
1044,P46467,Vps4b,Q80Y56,Rbsn,0,6,444,783
1045,P46467,Vps4b,Q9CQ71,Rpa3,0,6,444,121
1046,P46467,Vps4b,Q03157,Aplp1,0,6,444,654
1047,P46467,Vps4b,P55258,Rab8a,0,6,444,207
1058,Q2KN98,Specc1l,Q91YI4,Arrb2,0,6,1118,410
1066,Q2KN98,Specc1l,Q793I8,Tifa,0,6,1118,184
1080,Q2KN98,Specc1l,Q9CPU0,Glo1,0,6,1118,184
1087,Q2KN98,Specc1l,Q64010,Crk,0,6,1118,304
1091,Q8BH55,Thnsl1,Q9WTL2,Rab25,0,6,747,213
1112,P09103,P4hb,P55258,Rab8a,0,6,509,207
1118,Q8CCJ3,Ufl1,Q9CQ71,Rpa3,0,6,793,121
1119,Q8CCJ3,Ufl1,Q99NB8,Ubqln4,0,6,793,596
1120,Q8CCJ3,Ufl1,Q9DB07,Ift46,0,6,793,301
1121,Q8CC35,Synpo,Q9CQ71,Rpa3,0,6,929,121
1122,Q8CC35,Synpo,Q9JM05,Pias4,0,6,929,507
1124,P09103,P4hb,Q8BKC8,Pi4kb,0,6,509,816
1125,P09103,P4hb,P50396,Gdi1,0,6,509,447
1126,P09103,P4hb,Q80Y56,Rbsn,0,6,509,783
1127,P09103,P4hb,Q03157,Aplp1,0,6,509,654
1134,Q80WJ7,Mtdh,Q9D2Y9,Elovl7,0,6,579,281
1135,Q80WJ7,Mtdh,Q8BKC8,Pi4kb,0,6,579,816
1136,Q80WJ7,Mtdh,Q80Y56,Rbsn,0,6,579,783
1137,Q9CR98,Fam136a,Q9D2Y9,Elovl7,0,6,138,281
1141,P49717,Mcm4,P50396,Gdi1,0,6,862,447
1143,P49717,Mcm4,Q9CQ71,Rpa3,0,6,862,121
1144,P49717,Mcm4,Q03157,Aplp1,0,6,862,654
1145,P49717,Mcm4,Q9JM05,Pias4,0,6,862,507
1146,P49717,Mcm4,P55258,Rab8a,0,6,862,207
1150,O09111,Ndufb11,Q3TLI0,Trappc10,0,6,151,1258
1152,Q8K1E0,Stx5,Q9EPQ1,Tlr1,0,6,355,795
1154,O09111,Ndufb11,Q8BKC8,Pi4kb,0,6,151,816
1155,O09111,Ndufb11,P50396,Gdi1,0,6,151,447
1156,O09111,Ndufb11,Q80Y56,Rbsn,0,6,151,783
1157,O09111,Ndufb11,Q9CQ71,Rpa3,0,6,151,121
1159,O09111,Ndufb11,O35643,Ap1b1,0,6,151,943
1160,O09111,Ndufb11,Q03157,Aplp1,0,6,151,654
1162,O09111,Ndufb11,Q9JM05,Pias4,0,6,151,507
1163,O09111,Ndufb11,P55258,Rab8a,0,6,151,207
1175,P09528,Fth1,Q9CQ71,Rpa3,0,6,182,121
1176,P09528,Fth1,P29595,Nedd8,0,6,182,81
1179,P09528,Fth1,Q99NB8,Ubqln4,0,6,182,596
1180,P09528,Fth1,Q76MZ3,Ppp2r1a,0,6,182,589
1181,P09528,Fth1,Q03157,Aplp1,0,6,182,654
1182,P09528,Fth1,Q9DB07,Ift46,0,6,182,301
1183,P09528,Fth1,P80318,Cct3,0,6,182,545
1188,O35239,Ptpn9,Q03157,Aplp1,0,6,593,654
1190,Q8BWR8,Rhpn2,Q9JMG1,Edf1,0,6,686,148
1191,Q8BWR8,Rhpn2,Q9D807,2200002J24Rik,0,6,686,110
1193,Q8BWR8,Rhpn2,Q9D8U0,Ifrd2,0,6,686,441
1194,Q8BWR8,Rhpn2,Q9WTL2,Rab25,0,6,686,213
1195,Q8BWR8,Rhpn2,Q9D8X2,Ccdc124,0,6,686,217
1196,Q8BWR8,Rhpn2,Q9CXU9,Eif1b,0,6,686,113
1197,Q8BWR8,Rhpn2,Q9JM05,Pias4,0,6,686,507
1199,Q8BWR8,Rhpn2,Q8K268,Abcf3,0,6,686,709
1202,Q8BWR8,Rhpn2,Q9DB27,Mcts1,0,6,686,181
1222,P52196,Tst,Q9CQ71,Rpa3,0,6,297,121
1223,P52196,Tst,Q03157,Aplp1,0,6,297,654
1248,Q8VDS8,Stx18,Q99NB8,Ubqln4,0,6,334,596
1249,Q8VDS8,Stx18,Q9CQ40,Mrpl49,0,6,334,166
1251,Q8VDS8,Stx18,Q9JM05,Pias4,0,6,334,507
1253,Q8VDS8,Stx18,Q9DB07,Ift46,0,6,334,301
1255,Q8BXA7,Phlpp2,Q9CQ71,Rpa3,0,6,1320,121
1257,Q8VDS8,Stx18,Q9EPQ1,Tlr1,0,6,334,795
1259,O89112,Lancl1,Q9CQ71,Rpa3,0,6,399,121
1260,O89112,Lancl1,P29595,Nedd8,0,6,399,81
1264,Q8VDS8,Stx18,Q9R0T8,Ikbke,0,6,334,717
1273,P27612,Plaa,P50396,Gdi1,0,6,794,447
1275,P27612,Plaa,P55258,Rab8a,0,6,794,207
1278,Q8VDS8,Stx18,Q9ESS0,Dusp10,0,6,334,483
1280,Q8VDS8,Stx18,Q91YI4,Arrb2,0,6,334,410
1282,O89112,Lancl1,Q99NB8,Ubqln4,0,6,399,596
1283,O89112,Lancl1,Q76MZ3,Ppp2r1a,0,6,399,589
1284,O89112,Lancl1,Q9DB07,Ift46,0,6,399,301
1286,Q99MN9,Pccb,Q99NB8,Ubqln4,0,6,541,596
1287,Q99MN9,Pccb,Q9DB07,Ift46,0,6,541,301
1290,Q8VDS8,Stx18,Q9CPU0,Glo1,0,6,334,184
1294,Q3TWW8,Srsf6,Q6NZP1,Zranb3,0,6,339,1069
1295,Q8BYA0,Tbcd,Q9D2Y9,Elovl7,0,6,1196,281
1297,Q9D666,Sun1,Q9DB07,Ift46,0,6,913,301
1298,Q8BWQ6,Vps35l,Q9D2Y9,Elovl7,0,6,963,281
1301,Q99MN9,Pccb,Q9CQ71,Rpa3,0,6,541,121
1303,O89112,Lancl1,P80318,Cct3,0,6,399,545
1307,Q8BGP6,Slc25a40,Q9CQ71,Rpa3,0,6,337,121
1308,Q8BGP6,Slc25a40,Q99NB8,Ubqln4,0,6,337,596
1309,Q8BGP6,Slc25a40,Q9DB07,Ift46,0,6,337,301
1311,Q8BGH2,Samm50,Q9CQ71,Rpa3,0,6,469,121
1312,Q8BGH2,Samm50,Q99NB8,Ubqln4,0,6,469,596
1313,Q8BGH2,Samm50,Q9DB07,Ift46,0,6,469,301
1315,Q62273,Slc26a2,Q9CQ71,Rpa3,0,6,739,121
1316,Q62273,Slc26a2,Q99NB8,Ubqln4,0,6,739,596
1317,Q62273,Slc26a2,Q76MZ3,Ppp2r1a,0,6,739,589
1318,Q62273,Slc26a2,Q9DB07,Ift46,0,6,739,301
1319,Q9D787,Ppil2,Q9JM05,Pias4,0,6,521,507
1363,Q8K2Q9,Shtn1,Q9D7Z3,Nol7,0,6,631,254
1365,Q8K2Q9,Shtn1,Q9CXK8,Nip7,0,6,631,180
1366,Q8K2Q9,Shtn1,Q8R2M2,Dnttip2,0,6,631,758
1367,Q8K2Q9,Shtn1,Q99LH1,Gnl2,0,6,631,728
1368,Q8K2Q9,Shtn1,Q9DBE9,Ftsj3,0,6,631,838
1369,Q8K2Q9,Shtn1,Q921E6,Eed,0,6,631,441
1370,Q8K2Q9,Shtn1,Q91VE6,Nifk,0,6,631,317
1372,Q8K2Q9,Shtn1,Q8K363,Ddx18,0,6,631,660
1373,Q8K2Q9,Shtn1,Q922K7,Nop2,0,6,631,793
1374,Q8K2Q9,Shtn1,Q9ESJ4,Nckipsd,0,6,631,714
1376,Q8K2Q9,Shtn1,Q9ERL7,Gmfg,0,6,631,142
1378,Q8K2Q9,Shtn1,Q8R3N1,Nop14,0,6,631,860
1381,Q8K2Q9,Shtn1,Q9CWX9,Ddx47,0,6,631,455
1392,Q8K2Q9,Shtn1,Q9WV70,Noc2l,0,6,631,747
1395,Q8K2Q9,Shtn1,Q8VDQ9,Kri1,0,6,631,704
1396,Q8K2Q9,Shtn1,Q9D0R4,Ddx56,0,6,631,546
1397,Q8K2Q9,Shtn1,Q9D2Y9,Elovl7,0,6,631,281
1401,Q0VEE6,Znf800,Q60929,Mef2a,0,6,662,498
1406,Q9CXD6,Mcur1,Q9DB07,Ift46,0,6,340,301
1420,Q0VEE6,Znf800,Q9ESS0,Dusp10,0,6,662,483
1422,Q91ZA3,Pcca,Q9CQ71,Rpa3,0,6,724,121
1425,Q0VEE6,Znf800,Q9CPU0,Glo1,0,6,662,184
1427,Q0VEE6,Znf800,Q8BH64,Ehd2,0,6,662,543
1432,Q0VEE6,Znf800,Q64010,Crk,0,6,662,304
1433,Q0VEE6,Znf800,Q3U487,Hectd3,0,6,662,861
1435,Q0VEE6,Znf800,Q7TNL7,Dusp9,0,6,662,452
1482,Q9CR62,Slc25a11,Q9DB07,Ift46,0,6,314,301
1484,P29351,Ptpn6,Q03157,Aplp1,0,6,595,654
1497,Q6P1F6,Ppp2r2a,Q80Y56,Rbsn,0,6,447,783
1511,Q6P1F6,Ppp2r2a,Q9D2Y9,Elovl7,0,6,447,281
1512,Q6P1F6,Ppp2r2a,Q8BKC8,Pi4kb,0,6,447,816
1516,Q8R3Q6,Mix23,Q9CWX9,Ddx47,0,6,144,455
1517,Q8R3Q6,Mix23,Q921E6,Eed,0,6,144,441
1518,Q8R3Q6,Mix23,Q8R5A3,Apbb1ip,0,6,144,670
1531,Q8K2B3,Sdha,Q9CQ71,Rpa3,0,6,664,121
1532,Q8R3Q6,Mix23,Q9CXK8,Nip7,0,6,144,180
1533,Q8R3Q6,Mix23,Q8VDQ9,Kri1,0,6,144,704
1537,Q8K157,Galm,Q9CQ71,Rpa3,0,6,342,121
1538,Q8K157,Galm,Q99NB8,Ubqln4,0,6,342,596
1539,Q8K157,Galm,Q9DB07,Ift46,0,6,342,301
1546,Q91W50,Csde1,Q9CQ71,Rpa3,0,6,798,121
1547,Q91W50,Csde1,Q9JM05,Pias4,0,6,798,507
1548,Q8R3Q6,Mix23,Q9D2Y9,Elovl7,0,6,144,281
1549,Q8R3Q6,Mix23,Q9Z148,Ehmt2,0,6,144,1263
1550,Q8R3Q6,Mix23,Q9WV70,Noc2l,0,6,144,747
1554,O35639,Anxa3,P29595,Nedd8,0,6,323,81
1555,Q3UPH1,Prrc1,Q99NB8,Ubqln4,0,6,443,596
1556,Q3UPH1,Prrc1,Q76MZ3,Ppp2r1a,0,6,443,589
1557,Q3UPH1,Prrc1,Q9DB07,Ift46,0,6,443,301
1560,O35639,Anxa3,Q9CQ71,Rpa3,0,6,323,121
1565,O35639,Anxa3,Q99NB8,Ubqln4,0,6,323,596
1566,O35639,Anxa3,Q76MZ3,Ppp2r1a,0,6,323,589
1567,O35639,Anxa3,Q03157,Aplp1,0,6,323,654
1568,O35639,Anxa3,Q9DB07,Ift46,0,6,323,301
1569,O35639,Anxa3,P80318,Cct3,0,6,323,545
1571,Q3UPH1,Prrc1,Q9CQ71,Rpa3,0,6,443,121
1573,Q62315,Jarid2,Q9CQ71,Rpa3,0,6,1234,121
1613,Q8BMD8,Slc25a24,Q9CQ71,Rpa3,0,6,475,121
1615,P47757,Capzb,Q9CQ71,Rpa3,0,6,277,121
1618,P47757,Capzb,Q99NB8,Ubqln4,0,6,277,596
1619,P47757,Capzb,Q76MZ3,Ppp2r1a,0,6,277,589
1620,P47757,Capzb,Q03157,Aplp1,0,6,277,654
1621,P47757,Capzb,Q9DB07,Ift46,0,6,277,301
1622,P47757,Capzb,P80318,Cct3,0,6,277,545
1628,Q0VEE6,Znf800,Q91YI4,Arrb2,0,6,662,410
1632,O35704,Sptlc1,Q99NB8,Ubqln4,0,6,473,596
1633,O35704,Sptlc1,Q76MZ3,Ppp2r1a,0,6,473,589
1634,O35704,Sptlc1,Q9CQ40,Mrpl49,0,6,473,166
1638,O35704,Sptlc1,Q9JM05,Pias4,0,6,473,507
1642,O35704,Sptlc1,P28028,Braf,0,6,473,751
1643,O35704,Sptlc1,P17433,Spi1,0,6,473,272
1644,O35704,Sptlc1,Q9DB07,Ift46,0,6,473,301
1646,O35704,Sptlc1,Q61084,Map3k3,0,6,473,626
1647,O35704,Sptlc1,P63115,Slc7a10,0,6,473,530
1650,O35704,Sptlc1,P29595,Nedd8,0,6,473,81
1653,P52623,Uck1,Q9CQ71,Rpa3,0,6,277,121
1656,P52623,Uck1,Q99NB8,Ubqln4,0,6,277,596
1657,P52623,Uck1,Q76MZ3,Ppp2r1a,0,6,277,589
1658,P52623,Uck1,Q03157,Aplp1,0,6,277,654
1659,P52623,Uck1,Q9DB07,Ift46,0,6,277,301
1660,P52623,Uck1,P80318,Cct3,0,6,277,545
1664,A2AWA9,Rabgap1,O70503,Hsd17b12,0,6,1064,312
1665,A2AWA9,Rabgap1,Q9D2Y9,Elovl7,0,6,1064,281
1667,O35704,Sptlc1,P31750,Akt1,0,6,473,480
1668,O35704,Sptlc1,P80318,Cct3,0,6,473,545
1670,P10833,Rras,P29595,Nedd8,0,6,218,81
1672,P10833,Rras,Q99NB8,Ubqln4,0,6,218,596
1673,P10833,Rras,Q76MZ3,Ppp2r1a,0,6,218,589
1674,P10833,Rras,Q03157,Aplp1,0,6,218,654
1675,P10833,Rras,Q9DB07,Ift46,0,6,218,301
1676,P10833,Rras,P80318,Cct3,0,6,218,545
1677,P35123,Usp4,Q9D2Y9,Elovl7,0,6,962,281
1680,P35123,Usp4,P50396,Gdi1,0,6,962,447
1682,P35123,Usp4,P55258,Rab8a,0,6,962,207
1685,P27612,Plaa,Q9D2Y9,Elovl7,0,6,794,281
1687,P10833,Rras,Q9CQ71,Rpa3,0,6,218,121
1688,O35704,Sptlc1,P41047,Fasl,0,6,473,279
1691,O35704,Sptlc1,P37238,Pparg,0,6,473,505
1694,O35704,Sptlc1,P11672,Lcn2,0,6,473,200
1698,A2AWA9,Rabgap1,P50396,Gdi1,0,6,1064,447
1702,A2AWA9,Rabgap1,P55258,Rab8a,0,6,1064,207
1705,P97304,Polr1d,Q3TLI0,Trappc10,0,6,133,1258
1706,P97304,Polr1d,Q9JM05,Pias4,0,6,133,507
1712,Q0VEE6,Znf800,Q9DB07,Ift46,0,6,662,301
1713,Q0VEE6,Znf800,Q61084,Map3k3,0,6,662,626
1717,P97304,Polr1d,Q03157,Aplp1,0,6,133,654
1719,Q0VEE6,Znf800,Q9EPQ1,Tlr1,0,6,662,795
1721,Q0VEE6,Znf800,Q61160,Fadd,0,6,662,205
1724,Q5SVR0,Tbc1d9b,Q9CQ71,Rpa3,0,6,1263,121
1725,Q0VEE6,Znf800,Q9JM05,Pias4,0,6,662,507
1727,Q0VEE6,Znf800,Q9CQ40,Mrpl49,0,6,662,166
1728,Q0VEE6,Znf800,Q76MZ3,Ppp2r1a,0,6,662,589
1732,Q0VEE6,Znf800,Q2TBA3,Malt1,0,6,662,832
1733,Q0VEE6,Znf800,Q793I8,Tifa,0,6,662,184
1737,Q0VEE6,Znf800,Q9R0T8,Ikbke,0,6,662,717
1738,Q0VEE6,Znf800,Q78IS1,Tmed3,0,6,662,221
1739,Q0VEE6,Znf800,Q8VCF0,Mavs,0,6,662,503
1740,Q0VEE6,Znf800,Q8BJQ4,Ticam2,0,6,662,232
1743,Q0VEE6,Znf800,Q99NB8,Ubqln4,0,6,662,596
1748,P70460,Vasp,Q9D2Y9,Elovl7,0,6,375,281
1749,P70460,Vasp,Q8BH64,Ehd2,0,6,375,543
1751,P70460,Vasp,Q8BKC8,Pi4kb,0,6,375,816
1752,P70460,Vasp,Q80Y56,Rbsn,0,6,375,783
1753,P70460,Vasp,Q9CQ71,Rpa3,0,6,375,121
1754,P70460,Vasp,Q03157,Aplp1,0,6,375,654
1760,P97304,Polr1d,Q8BKC8,Pi4kb,0,6,133,816
1761,P97304,Polr1d,Q80Y56,Rbsn,0,6,133,783
1762,P97304,Polr1d,Q9CQ71,Rpa3,0,6,133,121
1778,O35704,Sptlc1,Q9EPQ1,Tlr1,0,6,473,795
1779,O35704,Sptlc1,Q3UP24,Nlrc4,0,6,473,1024
1780,O35704,Sptlc1,Q61160,Fadd,0,6,473,205
1802,P84099,Rpl19,Q8R344,Ccdc12,0,6,196,166
1806,Q00519,Xdh,Q9CQ71,Rpa3,0,6,1335,121
1860,P84099,Rpl19,Q61083,Map3k2,0,6,196,619
1887,Q640M1,Utp14a,Q8K2Q9,Shtn1,0,6,767,631
1914,Q00519,Xdh,Q61599,Arhgdib,0,6,1335,200
1935,Q8K183,Pdxk,Q8K2Q9,Shtn1,0,6,312,631
1937,P84099,Rpl19,Q9Z1T1,Ap3b1,0,6,196,1105
2015,P84099,Rpl19,Q80U38,Khnyn,0,6,196,671
2037,P19783,Cox4i1,Q2KN98,Specc1l,0,6,169,1118
2038,P19783,Cox4i1,Q8K2Q9,Shtn1,0,6,169,631
2049,Q3UNZ8,Cryzl2,Q8K2Q9,Shtn1,0,6,350,631
2177,Q8C0E2,Vps26b,Q9JLJ5,Elovl1,0,6,336,279
2188,Q8C0E2,Vps26b,Q8VDS8,Stx18,0,6,336,334
2200,Q3UPL0,Sec31a,Q9JLJ5,Elovl1,0,6,1230,279
2205,Q8C0E2,Vps26b,Q8K1E0,Stx5,0,6,336,355
2247,P62082,Rps7,Q8R344,Ccdc12,0,6,194,166
2253,P62082,Rps7,Q9Z2W1,Stk25,0,6,194,426
2254,P62082,Rps7,Q8BWR8,Rhpn2,0,6,194,686
2257,P62082,Rps7,Q9Z1T1,Ap3b1,0,6,194,1105
2258,P62082,Rps7,Q80U38,Khnyn,0,6,194,671
2259,P62082,Rps7,Q61083,Map3k2,0,6,194,619
2262,Q05921,Rnasel,Q8R3Q6,Mix23,0,6,735,144
2264,Q8VC42,Rmc1,Q9JLJ5,Elovl1,0,6,657,279
2268,Q8C7R4,Uba6,Q8VDS8,Stx18,0,6,1053,334
2276,Q8C7R4,Uba6,Q9JLJ5,Elovl1,0,6,1053,279
2280,Q8VC42,Rmc1,Q8VDS8,Stx18,0,6,657,334
2322,Q8C7R4,Uba6,Q8K1E0,Stx5,0,6,1053,355
2325,Q8BWR8,Rhpn2,Q9JJF9,Sppl2a,0,6,686,523
2326,Q8BWR8,Rhpn2,Q8K1E0,Stx5,0,6,686,355
2327,Q8BWR8,Rhpn2,Q8R3Q6,Mix23,0,6,686,144
2331,Q8BWR8,Rhpn2,Q8VDS8,Stx18,0,6,686,334
2337,Q8BWR8,Rhpn2,Q8BXQ2,Pigt,0,6,686,582
2342,Q8BWR8,Rhpn2,Q9R233,Tapbp,0,6,686,465
2362,Q8BWR8,Rhpn2,Q9JLJ5,Elovl1,0,6,686,279
2363,P18653,Rps6ka1,Q0VEE6,Znf800,0,6,724,662
2369,P18653,Rps6ka1,P59114,Pcif1,0,6,724,706
2372,P18653,Rps6ka1,Q8BXQ2,Pigt,0,6,724,582
2374,P18653,Rps6ka1,Q58NB6,Dhrs9,0,6,724,319
2377,P18653,Rps6ka1,Q9JLJ5,Elovl1,0,6,724,279
2379,P18653,Rps6ka1,Q8VDS8,Stx18,0,6,724,334
2383,Q5SSI6,Utp18,Q8K2Q9,Shtn1,0,6,552,631
2400,P81117,Nucb2,Q03157,Aplp1,0,6,420,654
2401,Q3TLD5,Uri1,Q9WTL2,Rab25,0,6,531,213
2403,Q3TLD5,Uri1,Q8VCF0,Mavs,0,6,531,503
2404,Q3TLD5,Uri1,Q8BJQ4,Ticam2,0,6,531,232
2405,Q3TLD5,Uri1,Q80Y56,Rbsn,0,6,531,783
2407,Q3TLD5,Uri1,Q9CQ71,Rpa3,0,6,531,121
2408,Q3TLD5,Uri1,Q99NB8,Ubqln4,0,6,531,596
2409,Q3TLD5,Uri1,Q76MZ3,Ppp2r1a,0,6,531,589
2411,Q3TLD5,Uri1,Q9JM05,Pias4,0,6,531,507
2414,Q3TLD5,Uri1,Q9DB07,Ift46,0,6,531,301
2415,Q3TLD5,Uri1,Q61084,Map3k3,0,6,531,626
2418,Q3TLD5,Uri1,Q78IS1,Tmed3,0,6,531,221
2419,Q3TLD5,Uri1,Q9R0T8,Ikbke,0,6,531,717
2425,Q3TLD5,Uri1,Q80TQ2,Cyld,0,6,531,952
2426,Q3TLD5,Uri1,Q60778,Nfkbib,0,6,531,359
2429,Q3TLD5,Uri1,Q8R4K2,Irak4,0,6,531,459
2431,Q3TLD5,Uri1,Q8CFA1,Irak2,0,6,531,622
2432,Q3TLD5,Uri1,Q9WUB0,Rbck1,0,6,531,508
2433,Q3TLD5,Uri1,Q9WUL6,Map3k14,0,6,531,942
2435,Q3TLD5,Uri1,Q9Z0H7,Bcl10,0,6,531,233
2440,Q9D0M3,Cyc1,Q9JM05,Pias4,0,6,325,507
2441,Q9D311,Duoxa2,Q9DB07,Ift46,0,6,320,301
2442,Q71RI9,Kyat3,Q8BKC8,Pi4kb,0,6,455,816
2443,Q71RI9,Kyat3,Q80Y56,Rbsn,0,6,455,783
2444,Q71RI9,Kyat3,Q9CQ71,Rpa3,0,6,455,121
2445,Q71RI9,Kyat3,Q9JM05,Pias4,0,6,455,507
2458,Q3TLD5,Uri1,Q9D2Y4,Mlkl,0,6,531,472
2461,Q3TLD5,Uri1,Q9EPQ1,Tlr1,0,6,531,795
2475,Q3TLD5,Uri1,Q793I8,Tifa,0,6,531,184
2477,Q99LI2,Clcc1,Q9CQ71,Rpa3,0,6,539,121
2490,Q8K2Q9,Shtn1,Q9D898,Arpc5l,0,6,631,153
2499,P48771,Cox7a2,Q80Y56,Rbsn,0,6,83,783
2500,P48771,Cox7a2,Q9CQ71,Rpa3,0,6,83,121
2501,P48771,Cox7a2,Q03157,Aplp1,0,6,83,654
2502,P48771,Cox7a2,Q9JM05,Pias4,0,6,83,507
2503,P48771,Cox7a2,P55258,Rab8a,0,6,83,207
2505,P48771,Cox7a2,Q3TLI0,Trappc10,0,6,83,1258
2515,O35326,Srsf5,Q9CQ71,Rpa3,0,6,269,121
2517,O35114,Scarb2,Q9DB07,Ift46,0,6,478,301
2524,Q3TLD5,Uri1,Q9D2Y9,Elovl7,0,6,531,281
2525,Q3TLD5,Uri1,Q8BKC8,Pi4kb,0,6,531,816
2528,Q3TLD5,Uri1,Q61599,Arhgdib,0,6,531,200
2529,Q3TLD5,Uri1,Q91YI4,Arrb2,0,6,531,410
2533,O35114,Scarb2,P80318,Cct3,0,6,478,545
2534,O35114,Scarb2,Q03157,Aplp1,0,6,478,654
2535,O35326,Srsf5,P29595,Nedd8,0,6,269,81
2536,O35114,Scarb2,Q76MZ3,Ppp2r1a,0,6,478,589
2539,O35326,Srsf5,Q99NB8,Ubqln4,0,6,269,596
2540,O35326,Srsf5,Q76MZ3,Ppp2r1a,0,6,269,589
2541,O35326,Srsf5,Q03157,Aplp1,0,6,269,654
2542,O35326,Srsf5,Q9DB07,Ift46,0,6,269,301
2543,O35326,Srsf5,P80318,Cct3,0,6,269,545
2546,O35114,Scarb2,Q9CQ71,Rpa3,0,6,478,121
2548,O35114,Scarb2,P29595,Nedd8,0,6,478,81
2551,O35114,Scarb2,Q99NB8,Ubqln4,0,6,478,596
2553,Q99LI2,Clcc1,Q99NB8,Ubqln4,0,6,539,596
2554,P48771,Cox7a2,Q8BKC8,Pi4kb,0,6,83,816
2555,P70665,Siae,Q80Y56,Rbsn,0,6,541,783
2560,P70665,Siae,Q8BH64,Ehd2,0,6,541,543
2562,P70665,Siae,Q8BKC8,Pi4kb,0,6,541,816
2563,P70665,Siae,Q9CQ71,Rpa3,0,6,541,121
2565,P70665,Siae,Q9WTL2,Rab25,0,6,541,213
2566,P70665,Siae,Q03157,Aplp1,0,6,541,654
2577,Q8BTY2,Slc4a7,Q9CQ71,Rpa3,0,6,1034,121
2579,Q8BTY2,Slc4a7,Q9DB07,Ift46,0,6,1034,301
2583,Q8BM72,Hspa13,Q9CQ71,Rpa3,0,6,471,121
2584,Q8BM72,Hspa13,Q99NB8,Ubqln4,0,6,471,596
2585,Q8BM72,Hspa13,Q9DB07,Ift46,0,6,471,301
2594,P34914,Ephx2,Q80Y56,Rbsn,0,6,554,783
2595,P34914,Ephx2,Q03157,Aplp1,0,6,554,654
2596,P34914,Ephx2,Q9JM05,Pias4,0,6,554,507
2597,P34914,Ephx2,P55258,Rab8a,0,6,554,207
2600,Q6ZPZ3,Zc3h4,Q9CQ71,Rpa3,0,6,1304,121
2610,P34914,Ephx2,Q9CQ71,Rpa3,0,6,554,121
2611,P34914,Ephx2,P50396,Gdi1,0,6,554,447
2612,Q8K1Z0,Coq9,Q9CQ71,Rpa3,0,6,313,121
2613,P34914,Ephx2,Q8BKC8,Pi4kb,0,6,554,816
2614,Q8K1Z0,Coq9,Q9JM05,Pias4,0,6,313,507
2615,P52875,Tmem165,Q03157,Aplp1,0,6,323,654
2621,P50427,Sts,Q8BKC8,Pi4kb,0,6,624,816
2622,P50427,Sts,Q80Y56,Rbsn,0,6,624,783
2623,P50427,Sts,Q9CQ71,Rpa3,0,6,624,121
2624,P50427,Sts,Q03157,Aplp1,0,6,624,654
2625,P50427,Sts,P55258,Rab8a,0,6,624,207
2631,Q99LI2,Clcc1,Q9DB07,Ift46,0,6,539,301
2634,P63328,Ppp3ca,Q8BKC8,Pi4kb,0,6,521,816
2635,P63328,Ppp3ca,Q80Y56,Rbsn,0,6,521,783
2636,P63328,Ppp3ca,Q9CQ71,Rpa3,0,6,521,121
2637,P63328,Ppp3ca,Q03157,Aplp1,0,6,521,654
2638,P63328,Ppp3ca,Q9JM05,Pias4,0,6,521,507
2654,Q9D6R2,Idh3a,Q9JM05,Pias4,0,6,366,507
2661,Q9CRC0,Vkorc1,Q9WTL2,Rab25,0,6,161,213
2666,Q9CY50,Ssr1,Q9DB07,Ift46,0,6,286,301
2680,Q99LY9,Ndufs5,Q9CQ71,Rpa3,0,6,106,121
2681,Q99LY9,Ndufs5,Q9JM05,Pias4,0,6,106,507
2682,Q9D172,Gatd3,Q9JM05,Pias4,0,6,266,507
2691,P28574,Max,Q9D2Y9,Elovl7,0,6,160,281
2693,P28574,Max,Q8BKC8,Pi4kb,0,6,160,816
2694,P28574,Max,P50396,Gdi1,0,6,160,447
2695,P28574,Max,Q80Y56,Rbsn,0,6,160,783
2696,P28574,Max,Q03157,Aplp1,0,6,160,654
2697,P28574,Max,P55258,Rab8a,0,6,160,207
2699,P28574,Max,Q3TLI0,Trappc10,0,6,160,1258
2700,Q3TC72,Fahd2,Q8BKC8,Pi4kb,0,6,313,816
2701,Q3TC72,Fahd2,Q80Y56,Rbsn,0,6,313,783
2702,Q3TC72,Fahd2,Q9CQ71,Rpa3,0,6,313,121
2703,Q3TC72,Fahd2,Q9JM05,Pias4,0,6,313,507
2706,P48771,Cox7a2,P50396,Gdi1,0,6,83,447
2720,Q64464,Cyp3a13,Q8K2Q9,Shtn1,0,6,503,631
2734,Q3ULB5,Pak6,Q62422,Ostf1,0,6,682,215
2735,Q3ULB5,Pak6,Q9CQ71,Rpa3,0,6,682,121
2736,Q3ULB5,Pak6,Q9EPQ1,Tlr1,0,6,682,795
2748,P61164,Actr1a,Q58NB6,Dhrs9,0,6,376,319
2774,P61164,Actr1a,Q8BXQ2,Pigt,0,6,376,582
2834,Q3ULB5,Pak6,Q9CRC8,Lrrc40,0,6,682,602
2862,Q9D2G2,Dlst,Q9JM05,Pias4,0,6,454,507
2864,Q8K1E0,Stx5,Q8VCF0,Mavs,0,6,355,503
2867,Q8K1E0,Stx5,Q99NB8,Ubqln4,0,6,355,596
2868,Q8K1E0,Stx5,Q9CQ40,Mrpl49,0,6,355,166
2870,Q8K1E0,Stx5,Q9JM05,Pias4,0,6,355,507
2871,Q8K1E0,Stx5,Q9DB07,Ift46,0,6,355,301
2878,P08113,Hsp90b1,Q9CQ71,Rpa3,0,6,802,121
2879,P08113,Hsp90b1,P29595,Nedd8,0,6,802,81
2880,Q8K1E0,Stx5,Q9R0T8,Ikbke,0,6,355,717
2891,Q8K1E0,Stx5,Q9CPU0,Glo1,0,6,355,184
2895,Q8K1E0,Stx5,Q9ESS0,Dusp10,0,6,355,483
2897,Q8K1E0,Stx5,Q91YI4,Arrb2,0,6,355,410
2901,P08113,Hsp90b1,Q99NB8,Ubqln4,0,6,802,596
2903,P97807,Fh,Q80Y56,Rbsn,0,6,507,783
2904,P97807,Fh,Q9CQ71,Rpa3,0,6,507,121
2905,P97807,Fh,Q03157,Aplp1,0,6,507,654
2906,P97807,Fh,Q9JM05,Pias4,0,6,507,507
2913,Q9D0K1,Pex13,Q9DB07,Ift46,0,6,405,301
2914,O08784,Tcof1,Q9CQ71,Rpa3,0,6,1320,121
2918,P97807,Fh,Q8BKC8,Pi4kb,0,6,507,816
2920,P08113,Hsp90b1,Q76MZ3,Ppp2r1a,0,6,802,589
2922,P08113,Hsp90b1,Q03157,Aplp1,0,6,802,654
2923,P08113,Hsp90b1,Q9DB07,Ift46,0,6,802,301
2924,P08113,Hsp90b1,P80318,Cct3,0,6,802,545
2940,Q9D1G1,Rab1b,Q9EPQ1,Tlr1,0,6,201,795
2941,P37040,Por,Q3TLD5,Uri1,0,6,678,531
2943,P37040,Por,Q8K2Q9,Shtn1,0,6,678,631
2957,P61164,Actr1a,Q80Y56,Rbsn,0,6,376,783
2958,P61164,Actr1a,Q8BKC8,Pi4kb,0,6,376,816
2963,P61164,Actr1a,Q9JLJ5,Elovl1,0,6,376,279
2966,Q91V41,Rab14,Q9CRC8,Lrrc40,0,6,215,602
2968,P61164,Actr1a,Q9D2Y9,Elovl7,0,6,376,281
2979,Q4FK66,Prpf38a,Q6NZP1,Zranb3,0,6,312,1069
2985,Q9D620,Rab11fip1,Q9EPQ1,Tlr1,0,6,645,795
3023,Q80Y56,Rbsn,Q8BHG2,Czib,0,6,783,160
3024,Q80Y56,Rbsn,Q8K3W0,Babam2,0,6,783,383
3028,P62264,Rps14,Q9Z2W1,Stk25,0,6,151,426
3029,P62264,Rps14,Q8BWR8,Rhpn2,0,6,151,686
3030,Q80Y56,Rbsn,Q9QXG4,Acss2,0,6,783,701
3045,Q80Y56,Rbsn,Q9QZ88,Vps29,0,6,783,182
3046,Q80Y56,Rbsn,Q8R5A6,Tbc1d22a,0,6,783,516
3055,Q80Y56,Rbsn,Q8K0G5,Eipr1,0,6,783,386
3064,Q8CJ00,Noxa1,Q8K2Q9,Shtn1,0,6,444,631
3066,P62849,Rps24,Q9Z2W1,Stk25,0,6,133,426
3067,P62849,Rps24,Q8BWR8,Rhpn2,0,6,133,686
3074,Q8K0Q5,Arhgap18,Q8K2Q9,Shtn1,0,6,663,631
3077,Q80Y56,Rbsn,Q8BPB0,Mob1b,0,6,783,216
3078,Q80Y56,Rbsn,Q9Z2M7,Pmm2,0,6,783,242
3079,Q3TZX8,Nol9,Q8R3Q6,Mix23,0,6,714,144
3080,Q3TZX8,Nol9,Q8K2Q9,Shtn1,0,6,714,631
3082,Q80Y56,Rbsn,Q9CPT0,Bcl2l14,0,6,783,328
3087,Q62426,Cstb,Q8K1E0,Stx5,0,6,98,355
3090,Q62426,Cstb,Q8VDS8,Stx18,0,6,98,334
3097,O35382,Exoc4,Q3U4G3,Xxylt1,0,6,975,392
3099,O35382,Exoc4,Q8K1E0,Stx5,0,6,975,355
3105,O35382,Exoc4,Q8VDS8,Stx18,0,6,975,334
3106,O35382,Exoc4,O35704,Sptlc1,0,6,975,473
3111,O35382,Exoc4,Q3TLD5,Uri1,0,6,975,531
3114,Q8BHX1,Haus1,Q8VDS8,Stx18,0,6,278,334
3118,Q80Y56,Rbsn,Q99JW2,Acy1,0,6,783,408
3123,Q80Y56,Rbsn,Q8BH51,Cox14,0,6,783,57
3127,Q8BHX1,Haus1,Q8K1E0,Stx5,0,6,278,355
3131,Q80Y56,Rbsn,Q8CI95,Osbpl11,0,6,783,751
3151,Q80Y56,Rbsn,Q99KK7,Dpp3,0,6,783,738
3168,Q80Y56,Rbsn,Q9CPU0,Glo1,0,6,783,184
3177,O55033,Nck2,Q3TLD5,Uri1,0,6,380,531
3178,O55033,Nck2,Q8K1E0,Stx5,0,6,380,355
3180,Q58NB6,Dhrs9,Q9JMD3,Stard10,0,6,319,291
3181,O55033,Nck2,Q2KN98,Specc1l,0,6,380,1118
3182,O55033,Nck2,Q0VEE6,Znf800,0,6,380,662
3183,O55033,Nck2,Q8VDS8,Stx18,0,6,380,334
3193,Q58NB6,Dhrs9,Q8BYA0,Tbcd,0,6,319,1196
3195,Q58NB6,Dhrs9,Q8K2Q9,Shtn1,0,6,319,631
3196,Q58NB6,Dhrs9,Q8CI94,Pygb,0,6,319,843
3198,Q58NB6,Dhrs9,Q9Z2W1,Stk25,0,6,319,426
3200,Q58NB6,Dhrs9,Q8C0E2,Vps26b,0,6,319,336
3201,Q58NB6,Dhrs9,Q8BWR8,Rhpn2,0,6,319,686
3203,Q58NB6,Dhrs9,Q8C7R4,Uba6,0,6,319,1053
3204,Q58NB6,Dhrs9,Q8VC42,Rmc1,0,6,319,657
3212,Q80Y56,Rbsn,Q8R4K2,Irak4,0,6,783,459
3214,Q80Y56,Rbsn,Q8CFA1,Irak2,0,6,783,622
3215,Q80Y56,Rbsn,Q9WUB0,Rbck1,0,6,783,508
3218,Q80Y56,Rbsn,Q9Z0H7,Bcl10,0,6,783,233
3221,Q80Y56,Rbsn,Q9R0T8,Ikbke,0,6,783,717
3223,Q80Y56,Rbsn,Q8VCF0,Mavs,0,6,783,503
3224,Q80Y56,Rbsn,Q8BJQ4,Ticam2,0,6,783,232
3230,P47856,Gfpt1,Q8K1E0,Stx5,0,6,697,355
3234,P47856,Gfpt1,Q0VEE6,Znf800,0,6,697,662
3235,P47856,Gfpt1,Q8VDS8,Stx18,0,6,697,334
3240,Q80Y56,Rbsn,Q9ESS0,Dusp10,0,6,783,483
3243,Q80Y56,Rbsn,Q91YI4,Arrb2,0,6,783,410
3245,Q58NB6,Dhrs9,Q8BWQ6,Vps35l,0,6,319,963
3256,P06339,H2-T23,Q3U4G3,Xxylt1,0,6,357,392
3257,Q58NB6,Dhrs9,Q9R1T2,Sae1,0,6,319,350
3258,P06339,H2-T23,Q8K1E0,Stx5,0,6,357,355
3261,P06339,H2-T23,Q2KN98,Specc1l,0,6,357,1118
3262,P06339,H2-T23,Q0VEE6,Znf800,0,6,357,662
3263,P06339,H2-T23,Q8VDS8,Stx18,0,6,357,334
3268,P13597,Icam1,P17433,Spi1,0,6,537,272
3282,Q80Y56,Rbsn,Q8BH64,Ehd2,0,6,783,543
3284,P06339,H2-T23,Q9Z2W1,Stk25,0,6,357,426
3286,P06339,H2-T23,Q8BWR8,Rhpn2,0,6,357,686
3288,Q58NB6,Dhrs9,Q9JJF9,Sppl2a,0,6,319,523
3290,Q58NB6,Dhrs9,Q9ES56,Trappc4,0,6,319,219
3293,Q58NB6,Dhrs9,Q6P1F6,Ppp2r2a,0,6,319,447
3296,Q58NB6,Dhrs9,Q8R3Q6,Mix23,0,6,319,144
3297,Q58NB6,Dhrs9,Q9QVP9,Ptk2b,0,6,319,1009
3299,Q58NB6,Dhrs9,Q9Z160,Cog1,0,6,319,980
3300,Q58NB6,Dhrs9,Q9EPK7,Xpo7,0,6,319,1087
3301,Q58NB6,Dhrs9,Q99PP9,Trim16,0,6,319,556
3302,Q58NB6,Dhrs9,Q9WU78,Pdcd6ip,0,6,319,869
3303,Q58NB6,Dhrs9,Q8VE47,Uba5,0,6,319,403
3309,Q58NB6,Dhrs9,Q80WJ7,Mtdh,0,6,319,579
3310,Q58NB6,Dhrs9,Q9CR98,Fam136a,0,6,319,138
3312,Q58NB6,Dhrs9,Q9R233,Tapbp,0,6,319,465
3317,Q58NB6,Dhrs9,Q9CQT1,Mri1,0,6,319,369
3318,Q58NB6,Dhrs9,Q8BYY4,Ttc39b,0,6,319,617
3321,Q58NB6,Dhrs9,Q9D0L8,Rnmt,0,6,319,465
3325,P59114,Pcif1,Q8VC42,Rmc1,0,6,706,657
3326,P59114,Pcif1,Q9Z2W1,Stk25,0,6,706,426
3329,P59114,Pcif1,Q8C0E2,Vps26b,0,6,706,336
3330,P59114,Pcif1,Q8BWR8,Rhpn2,0,6,706,686
3334,P59114,Pcif1,Q8R3Q6,Mix23,0,6,706,144
3336,Q9JMG1,Edf1,Q9Z1T1,Ap3b1,0,6,148,1105
3343,P59114,Pcif1,Q3UHD6,Snx27,0,6,706,539
3350,P59114,Pcif1,Q99PP9,Trim16,0,6,706,556
